file name,user,rank,influence,sentiment,user,rank,influence,sentiment,user,rank,influence,sentiment,user,rank,influence,sentiment,user,rank,influence,sentiment,user,rank,influence,sentiment,user,rank,influence,sentiment,user,rank,influence,sentiment,user,rank,influence,sentiment,user,rank,influence,sentiment,user,rank,influence,sentiment,user,rank,influence,sentiment,user,rank,influence,sentiment,user,rank,influence,sentiment,user,rank,influence,sentiment,user,rank,influence,sentiment,user,rank,influence,sentiment,user,rank,influence,sentiment,user,rank,influence,sentiment,user,rank,influence,sentiment,user,rank,influence,sentiment,user,rank,influence,sentiment,user,rank,influence,sentiment,user,rank,influence,sentiment,user,rank,influence,sentiment,user,rank,influence,sentiment,user,rank,influence,sentiment,user,rank,influence,sentiment,user,rank,influence,sentiment,user,rank,influence,sentiment,user,rank,influence,sentiment,user,rank,influence,sentiment,user,rank,influence,sentiment,user,rank,influence,sentiment,user,rank,influence,sentiment,user,rank,influence,sentiment,user,rank,influence,sentiment,user,rank,influence,sentiment,user,rank,influence,sentiment,user,rank,influence,sentiment,user,rank,influence,sentiment,user,rank,influence,sentiment,user,rank,influence,sentiment,user,rank,influence,sentiment,user,rank,influence,sentiment,user,rank,influence,sentiment,user,rank,influence,sentiment,user,rank,influence,sentiment,user,rank,influence,sentiment,user,rank,influence,sentiment,user,rank,influence,sentiment,user,rank,influence,sentiment,user,rank,influence,sentiment,user,rank,influence,sentiment,user,rank,influence,sentiment,user,rank,influence,sentiment,user,rank,influence,sentiment,user,rank,influence,sentiment,user,rank,influence,sentiment,user,rank,influence,sentiment,user,rank,influence,sentiment,user,rank,influence,sentiment,user,rank,influence,sentiment,user,rank,influence,sentiment,user,rank,influence,sentiment,user,rank,influence,sentiment,user,rank,influence,sentiment,user,rank,influence,sentiment,user,rank,influence,sentiment,user,rank,influence,sentiment,user,rank,influence,sentiment,user,rank,influence,sentiment,user,rank,influence,sentiment,user,rank,influence,sentiment,user,rank,influence,sentiment,user,rank,influence,sentiment,user,rank,influence,sentiment,user,rank,influence,sentiment,user,rank,influence,sentiment,user,rank,influence,sentiment,user,rank,influence,sentiment,user,rank,influence,sentiment,user,rank,influence,sentiment,user,rank,influence,sentiment,user,rank,influence,sentiment,user,rank,influence,sentiment,user,rank,influence,sentiment,user,rank,influence,sentiment,user,rank,influence,sentiment,user,rank,influence,sentiment,user,rank,influence,sentiment,user,rank,influence,sentiment,user,rank,influence,sentiment,user,rank,influence,sentiment,user,rank,influence,sentiment,user,rank,influence,sentiment,user,rank,influence,sentiment,user,rank,influence,sentiment,user,rank,influence,sentiment,user,rank,influence,sentiment,user,rank,influence,sentiment,user,rank,influence,sentiment,user,rank,influence,sentiment,user,rank,influence,sentiment,user,rank,influence,sentiment,user,rank,influence,sentiment,user,rank,influence,sentiment,user,rank,influence,sentiment,user,rank,influence,sentiment,user,rank,influence,sentiment,user,rank,influence,sentiment,user,rank,influence,sentiment,user,rank,influence,sentiment,user,rank,influence,sentiment,user,rank,influence,sentiment,user,rank,influence,sentiment,user,rank,influence,sentiment,user,rank,influence,sentiment,user,rank,influence,sentiment,user,rank,influence,sentiment,user,rank,influence,sentiment,user,rank,influence,sentiment,user,rank,influence,sentiment,user,rank,influence,sentiment,user,rank,influence,sentiment,user,rank,influence,sentiment,user,rank,influence,sentiment,user,rank,influence,sentiment,user,rank,influence,sentiment,user,rank,influence,sentiment,user,rank,influence,sentiment,user,rank,influence,sentiment,user,rank,influence,sentiment,user,rank,influence,sentiment,user,rank,influence,sentiment,user,rank,influence,sentiment,user,rank,influence,sentiment,user,rank,influence,sentiment,user,rank,influence,sentiment,user,rank,influence,sentiment,user,rank,influence,sentiment,user,rank,influence,sentiment,user,rank,influence,sentiment,user,rank,influence,sentiment,user,rank,influence,sentiment,user,rank,influence,sentiment,user,rank,influence,sentiment,user,rank,influence,sentiment,user,rank,influence,sentiment,user,rank,influence,sentiment,user,rank,influence,sentiment,user,rank,influence,sentiment,user,rank,influence,sentiment,user,rank,influence,sentiment,user,rank,influence,sentiment,user,rank,influence,sentiment,user,rank,influence,sentiment,user,rank,influence,sentiment,user,rank,influence,sentiment,user,rank,influence,sentiment,user,rank,influence,sentiment,user,rank,influence,sentiment,user,rank,influence,sentiment,user,rank,influence,sentiment,user,rank,influence,sentiment,user,rank,influence,sentiment,user,rank,influence,sentiment,user,rank,influence,sentiment
10-19-20s_706posts.xml,U-51,0,0.08046966292134833,0.0886150203507844,U-3,1,0.060090140845070396,0.07677347639023215,U-0,2,0.12624637681159417,0.07506488322893545,U-4,3,-0.03003714285714286,0.0688852593382344,U-59,4,0.10718648648648647,0.041398086803089255,U-56,5,0.36137500000000006,0.03973489055538269,U-24,6,0.02400499999999999,0.03326143977416619,U-33,7,0.08232083333333333,0.03318494925207448,U-16,8,-0.008809999999999998,0.027834254507986066,U-49,9,0.1205095238095238,0.026907687319571414,U-43,10,0.23078888888888885,0.026852308126176866,U-28,11,0.2071090909090909,0.026720978940511838,U-50,12,0.05187647058823529,0.020839899666901095,U-78,13,0.11091999999999999,0.01785942923210859,U-5,14,-0.06291428571428571,0.017073967202962198,U-86,15,0.0772,0.015473874838218809,U-60,16,0.26886666666666664,0.015374897267798926,U-40,17,0.2285166666666667,0.014925037239766369,U-47,18,0.11315,0.014523015708102507,U-7,19,0.1276,0.013669912293143021,U-58,20,0.0772,0.011645778408174207,U-17,21,0.09866666666666667,0.011309612833613132,U-48,22,0.2195375,0.011193416717754385,U-95,23,0.14728,0.011029409451129383,U-91,24,0.0,0.011007762336500105,U-21,25,0.09914285714285713,0.010614712958880257,U-42,26,0.1785285714285714,0.010499011489387013,U-39,27,0.10236666666666666,0.010255618171703855,U-29,28,0.0,0.010154253673022069,U-87,29,0.0,0.009093714121477801,U-27,30,0.074,0.00882417896509538,U-34,31,0.159,0.008265914902380541,U-22,32,0.15348333333333333,0.007373811186651695,U-2,33,0.0,0.006988689294901388,U-88,34,0.15502,0.006811573146502638,U-13,35,0.0,0.00646518122858958,U-77,36,0.09866666666666667,0.005403014573263695,U-53,37,0.0,0.004627601619759096,U-68,38,-0.07655,0.004551133013567276,U-36,39,0.09866666666666667,0.00433965445380686,U-30,40,0.148,0.004111451994973086,U-73,41,0.148,0.004111451994973086,U-45,42,0.148,0.003395576196236123,U-9,43,0.11839999999999999,0.003075374696268122,U-70,44,0.0,0.0030325614405738435,U-63,45,0.2732,0.002949927856987176,U-65,46,0.0,0.002796588816463499,U-8,47,0.148,0.0027551731963001195,U-23,48,0.148,0.0027551731963001195,U-44,49,0.148,0.0027551731963001195,U-83,50,0.0,0.002713553404736793,U-10,51,0.09866666666666667,0.002434971696332118,U-52,52,0.09866666666666667,0.002434971696332118,U-14,53,0.148,0.002114770196364116,U-35,54,0.148,0.002114770196364116,U-37,55,0.148,0.002114770196364116,U-38,56,0.148,0.002114770196364116,U-46,57,0.148,0.002114770196364116,U-54,58,0.148,0.002114770196364116,U-61,59,0.148,0.002114770196364116,U-67,60,0.148,0.002114770196364116,U-69,61,0.148,0.002114770196364116,U-75,62,0.148,0.002114770196364116,U-85,63,0.148,0.002114770196364116,U-94,64,0.148,0.002114770196364116,U-99,65,0.148,0.002114770196364116,U-1,66,0.0,0.001992903749476025,U-6,67,0.296,0.001992903749476025,U-11,68,0.0,0.001992903749476025,U-12,69,0.0,0.001992903749476025,U-15,70,0.0,0.001992903749476025,U-18,71,0.0,0.001992903749476025,U-19,72,0.0,0.001992903749476025,U-20,73,0.296,0.001992903749476025,U-25,74,0.0,0.001992903749476025,U-26,75,0.296,0.001992903749476025,U-31,76,0.0,0.001992903749476025,U-32,77,0.0,0.001992903749476025,U-41,78,0.0,0.001992903749476025,U-55,79,0.0,0.001992903749476025,U-57,80,0.296,0.001992903749476025,U-62,81,0.296,0.001992903749476025,U-64,82,0.296,0.001992903749476025,U-66,83,0.296,0.001992903749476025,U-71,84,0.0,0.001992903749476025,U-72,85,0.296,0.001992903749476025,U-74,86,0.0,0.001992903749476025,U-76,87,0.296,0.001992903749476025,U-79,88,0.296,0.001992903749476025,U-80,89,0.0,0.001992903749476025,U-81,90,0.0,0.001992903749476025,U-82,91,0.296,0.001992903749476025,U-84,92,0.296,0.001992903749476025,U-89,93,0.0,0.001992903749476025,U-90,94,0.296,0.001992903749476025,U-92,95,0.296,0.001992903749476025,U-93,96,0.296,0.001992903749476025,U-96,97,0.0,0.001992903749476025,U-97,98,0.296,0.001992903749476025,U-98,99,0.296,0.001992903749476025,,,,,,,,,,,,,,,,,,,,,,,,,,,,,,,,,,,,,,,,,,,,,,,,,,,,,,,,,,,,,,,,,,,,,,,,,,,,,,,,,,,,,,,,,,,,,,,,,,,,,,,,,,,,,,,,,,,,,,,,,,,,,,,,,,,,,,,,,,,,,,,,,,,,,,,,,,,,,,,,,,,,,,,,,,,,,,,,,,,,,,,,,,,,,,,,,,,,,,,,,,,,,,,,,,,,,,,,,,,,,,,,,,,,,,,,,,,,,,,,,,,,,,,,,,,,,,,,,,,,,,,,,,,,,,,,
10-19-30s_705posts.xml,U-8,0,0.044995652173913034,0.13102999800258386,U-1,1,0.2197743119266055,0.11359776496365831,U-25,2,0.05999814814814814,0.07076799922296631,U-32,3,0.029281818181818187,0.07003423680521478,U-18,4,0.22480952380952382,0.060618438558535805,U-22,5,0.18362083333333334,0.05905941650204007,U-10,6,0.03878636363636365,0.05260198549119019,U-9,7,0.06526499999999999,0.04349208834111386,U-20,8,0.175675,0.041340691150302984,U-2,9,0.0777578947368421,0.028475296137004603,U-0,10,0.019429411764705872,0.026388861191976944,U-7,11,0.0,0.025612291568580126,U-16,12,0.1339111111111111,0.021174814161915537,U-39,13,0.024666666666666667,0.019086732617808626,U-26,14,0.09136999999999999,0.01852940631349136,U-23,15,0.23623636363636366,0.018241730528235228,U-6,16,0.06804166666666667,0.01817879332934555,U-40,17,0.14809166666666665,0.01586037079303884,U-4,18,0.067925,0.015419673257777752,U-38,19,0.148,0.01391544785233923,U-27,20,0.059199999999999996,0.012814070136175132,U-13,21,0.25839999999999996,0.012402658237780247,U-15,22,0.09866666666666667,0.010328553577901304,U-21,23,0.059199999999999996,0.010204759848609725,U-14,24,0.14350000000000002,0.010074294334231454,U-28,25,0.059199999999999996,0.00908227119410383,U-30,26,0.08457142857142856,0.008609405165685535,U-24,27,0.15095999999999998,0.008117311618557397,U-29,28,0.0,0.004231762224692356,U-5,29,0.148,0.0034270366739091404,U-12,30,0.148,0.0034270366739091404,U-17,31,0.148,0.0034270366739091404,U-19,32,0.148,0.0034270366739091404,U-33,33,0.148,0.0034270366739091404,U-34,34,0.148,0.0034270366739091404,U-37,35,0.148,0.0034270366739091404,U-41,36,0.148,0.0034270366739091404,U-43,37,0.148,0.0034270366739091404,U-3,38,0.0,0.0033109244679932624,U-11,39,0.0,0.0033109244679932624,U-31,40,0.0,0.0033109244679932624,U-35,41,0.0,0.0033109244679932624,U-36,42,0.0,0.0033109244679932624,U-42,43,0.0,0.0033109244679932624,,,,,,,,,,,,,,,,,,,,,,,,,,,,,,,,,,,,,,,,,,,,,,,,,,,,,,,,,,,,,,,,,,,,,,,,,,,,,,,,,,,,,,,,,,,,,,,,,,,,,,,,,,,,,,,,,,,,,,,,,,,,,,,,,,,,,,,,,,,,,,,,,,,,,,,,,,,,,,,,,,,,,,,,,,,,,,,,,,,,,,,,,,,,,,,,,,,,,,,,,,,,,,,,,,,,,,,,,,,,,,,,,,,,,,,,,,,,,,,,,,,,,,,,,,,,,,,,,,,,,,,,,,,,,,,,,,,,,,,,,,,,,,,,,,,,,,,,,,,,,,,,,,,,,,,,,,,,,,,,,,,,,,,,,,,,,,,,,,,,,,,,,,,,,,,,,,,,,,,,,,,,,,,,,,,,,,,,,,,,,,,,,,,,,,,,,,,,,,,,,,,,,,,,,,,,,,,,,,,,,,,,,,,,,,,,,,,,,,,,,,,,,,,,,,,,,,,,,,,,,,,,,,,,,,,,,,,,,,,,,,,,,,,,,,,,,,,,
10-19-40s_686posts.xml,U-9,0,0.2077768115942029,0.08039284550294103,U-1,1,0.011513043478260878,0.0672902008135346,U-5,2,0.21669076923076921,0.06242716749706196,U-3,3,0.16110666666666668,0.04647776639630265,U-2,4,0.07094,0.04323886975655246,U-24,5,0.1032264705882353,0.0428641936111882,U-18,6,0.049974074074074074,0.03664935102134776,U-35,7,0.13657692307692307,0.03570208973481004,U-17,8,0.029633333333333334,0.032824189747201575,U-7,9,0.1348333333333333,0.032460792765899006,U-38,10,0.14049999999999999,0.030557731971194428,U-46,11,0.167865,0.029735883706856786,U-4,12,0.17909285714285716,0.02958707660339482,U-0,13,0.2159,0.02876742923419788,U-22,14,0.04663333333333333,0.028685923371387263,U-47,15,0.1783,0.028080946665603203,U-42,16,0.050321739130434785,0.02710553319178912,U-39,17,0.06998461538461538,0.02154507730372299,U-27,18,0.14741666666666667,0.020496640307219174,U-40,19,0.020254545454545456,0.020093302772540345,U-37,20,0.30565,0.018307931937088726,U-6,21,0.052642857142857144,0.016624329571646227,U-51,22,0.20719000000000004,0.016375580884114057,U-11,23,0.19655,0.015870695485829197,U-31,24,0.16821111111111112,0.014400089429541003,U-23,25,0.07972222222222222,0.013793397325544157,U-49,26,0.04228571428571428,0.013728440221602998,U-8,27,0.0772,0.013621358453538485,U-16,28,0.0,0.013198803854651345,U-36,29,0.22694999999999999,0.01252546968951093,U-14,30,-0.05135,0.010468689386665536,U-13,31,-0.100475,0.009657757804429054,U-12,32,0.17020000000000002,0.008697356380862725,U-34,33,0.059199999999999996,0.008482801765462481,U-21,34,0.32276,0.008005031733564967,U-43,35,0.19329999999999997,0.006776480222971352,U-10,36,0.148,0.005708887856150939,U-41,37,0.09866666666666667,0.005304232045724364,U-25,38,0.0,0.0051790926049430355,U-20,39,0.09866666666666667,0.004280439120229686,U-29,40,0.148,0.003490669850912472,U-48,41,0.148,0.003490669850912472,U-19,42,0.148,0.0021451313667634657,U-28,43,0.148,0.0021451313667634657,U-30,44,0.148,0.0021451313667634657,U-33,45,0.148,0.0021451313667634657,U-45,46,0.148,0.0021451313667634657,U-15,47,0.0,0.002037890714442703,U-26,48,0.0,0.002037890714442703,U-32,49,0.296,0.002037890714442703,U-44,50,0.0,0.002037890714442703,U-50,51,0.296,0.002037890714442703,U-52,52,0.296,0.002037890714442703,U-53,53,0.296,0.002037890714442703,U-54,54,0.0,0.002037890714442703,,,,,,,,,,,,,,,,,,,,,,,,,,,,,,,,,,,,,,,,,,,,,,,,,,,,,,,,,,,,,,,,,,,,,,,,,,,,,,,,,,,,,,,,,,,,,,,,,,,,,,,,,,,,,,,,,,,,,,,,,,,,,,,,,,,,,,,,,,,,,,,,,,,,,,,,,,,,,,,,,,,,,,,,,,,,,,,,,,,,,,,,,,,,,,,,,,,,,,,,,,,,,,,,,,,,,,,,,,,,,,,,,,,,,,,,,,,,,,,,,,,,,,,,,,,,,,,,,,,,,,,,,,,,,,,,,,,,,,,,,,,,,,,,,,,,,,,,,,,,,,,,,,,,,,,,,,,,,,,,,,,,,,,,,,,,,,,,,,,,,,,,,,,,,,,,,,,,,,,,,,,,,,,,,,,,,,,,,,,,,,,,,,,,,,,,,,,,,,,,,,,,,,,,,,,,,,,,,,,,,,,,,,,,,,,,,,,,,,,,,,,,,,,,,,,,
10-19-adults_706posts.xml,U-3,0,0.1769050505050504,0.1138442146204596,U-8,1,0.15725853658536587,0.10137955276425471,U-5,2,0.1658686274509804,0.06457931556217049,U-0,3,0.0443448275862069,0.059415576739295914,U-9,4,0.06566999999999999,0.05601120457366327,U-29,5,0.19623095238095237,0.05370694168012025,U-16,6,0.052660606060606054,0.04463227430688232,U-1,7,0.2781486486486487,0.04297509360846026,U-19,8,0.12884102564102565,0.04147945664682908,U-21,9,0.08254999999999998,0.03531537463776944,U-18,10,0.13166153846153847,0.03507760480422346,U-22,11,0.10907916666666667,0.03400089942101081,U-4,12,0.13012083333333332,0.03273728866204643,U-25,13,0.20178333333333331,0.027605028988457812,U-15,14,0.12886363636363637,0.021207785512976456,U-27,15,-0.011961538461538464,0.020492995189718498,U-33,16,0.23559999999999998,0.01706396571454616,U-6,17,-0.10376666666666667,0.01678953196308723,U-36,18,0.014055555555555552,0.015077571013975014,U-43,19,0.032888888888888884,0.01440835982746545,U-11,20,0.0031999999999999945,0.012189828823418094,U-34,21,0.10529166666666667,0.01215289510456391,U-47,22,0.08252,0.012113006802646296,U-46,23,0.074,0.010416493036296133,U-31,24,0.21993333333333334,0.009600591258609643,U-2,25,-0.09183333333333334,0.009423902820390281,U-30,26,0.037,0.008494270273033388,U-23,27,0.12685714285714286,0.008015052811602981,U-28,28,0.3389,0.007408201792446924,U-17,29,0.22593333333333332,0.006205640358924742,U-42,30,0.09866666666666667,0.004676209593951157,U-39,31,0.148,0.0037375679565103182,U-24,32,0.074,0.003420921983902299,U-35,33,0.09866666666666667,0.00329972190547493,U-12,34,0.0,0.0028726356740528445,U-10,35,0.09866666666666667,0.002834434820961845,U-40,36,0.19733333333333333,0.002834434820961845,U-26,37,0.148,0.002560291666037118,U-32,38,0.148,0.002560291666037118,U-45,39,0.148,0.002560291666037118,U-48,40,0.148,0.002560291666037118,U-49,41,0.148,0.002560291666037118,U-7,42,0.0,0.0024628369493317516,U-13,43,0.0,0.0024628369493317516,U-14,44,0.0,0.0024628369493317516,U-20,45,0.296,0.0024628369493317516,U-37,46,0.0,0.0024628369493317516,U-38,47,0.296,0.0024628369493317516,U-41,48,0.296,0.0024628369493317516,U-44,49,0.0,0.0024628369493317516,,,,,,,,,,,,,,,,,,,,,,,,,,,,,,,,,,,,,,,,,,,,,,,,,,,,,,,,,,,,,,,,,,,,,,,,,,,,,,,,,,,,,,,,,,,,,,,,,,,,,,,,,,,,,,,,,,,,,,,,,,,,,,,,,,,,,,,,,,,,,,,,,,,,,,,,,,,,,,,,,,,,,,,,,,,,,,,,,,,,,,,,,,,,,,,,,,,,,,,,,,,,,,,,,,,,,,,,,,,,,,,,,,,,,,,,,,,,,,,,,,,,,,,,,,,,,,,,,,,,,,,,,,,,,,,,,,,,,,,,,,,,,,,,,,,,,,,,,,,,,,,,,,,,,,,,,,,,,,,,,,,,,,,,,,,,,,,,,,,,,,,,,,,,,,,,,,,,,,,,,,,,,,,,,,,,,,,,,,,,,,,,,,,,,,,,,,,,,,,,,,,,,,,,,,,,,,,,,,,,,,,,,,,,,,,,,,,,,,,,,,,,,,,,,,,,,,,,,,,,,,,,,,,,,,,,
10-24-40s_706posts.xml,U-11,0,0.15916249999999998,0.0660085812385916,U-5,1,0.1524925925925926,0.06374517056358034,U-20,2,0.13607222222222223,0.060915670388381374,U-8,3,0.07970377358490567,0.05880467332469394,U-24,4,0.12992894736842103,0.049557036692299265,U-16,5,0.1147025641025641,0.04555300207576099,U-41,6,0.05706666666666667,0.041283623503333415,U-9,7,0.13457692307692307,0.037889838356158605,U-17,8,0.1448241379310345,0.03722888687929723,U-6,9,0.3267909090909091,0.03384796893479663,U-0,10,0.03122222222222222,0.033830209597609996,U-1,11,0.2855125,0.030961953388800652,U-38,12,0.0,0.02963251195106829,U-13,13,0.08271333333333333,0.029335589330613247,U-31,14,0.008425,0.027328833446817972,U-44,15,0.16136666666666663,0.027274874782832904,U-25,16,0.09104375,0.023872505205809427,U-18,17,0.024794117647058824,0.023503504481646252,U-23,18,0.05471,0.022275617288840623,U-21,19,0.023083333333333327,0.021076598503594727,U-30,20,0.07966,0.017891868498645387,U-43,21,0.16626923076923075,0.017504696373720444,U-29,22,0.0395,0.01744886392752202,U-3,23,-0.01488333333333334,0.0166540904006795,U-14,24,0.0,0.013078310195733916,U-2,25,0.0,0.012982328071916863,U-27,26,0.04228571428571428,0.011705490004055958,U-46,27,0.059199999999999996,0.010695725192437609,U-48,28,0.0,0.010370273052412924,U-47,29,0.09866666666666667,0.00999202091956314,U-34,30,0.1491125,0.00972974975097719,U-7,31,0.03423333333333333,0.009370490014964308,U-4,32,0.0,0.008474055184479705,U-36,33,0.09866666666666667,0.008158843959371095,U-37,34,0.09866666666666667,0.007689893413936036,U-32,35,0.13555999999999999,0.007602436334428623,U-40,36,0.148,0.006114278761349657,U-49,37,0.39495,0.005932531853010675,U-42,38,0.09866666666666667,0.0041604119759134925,U-45,39,0.09866666666666667,0.0041604119759134925,U-33,40,0.074,0.004039722150669375,U-39,41,0.09866666666666667,0.003554588948116887,U-35,42,0.148,0.0028428344112479825,U-22,43,0.148,0.0028034766726555446,U-12,44,0.148,0.0022213035066491497,U-15,45,0.148,0.0022213035066491497,U-26,46,0.148,0.0022213035066491497,U-28,47,0.148,0.0022213035066491497,U-10,48,0.296,0.002115371997576852,U-19,49,0.0,0.002115371997576852,,,,,,,,,,,,,,,,,,,,,,,,,,,,,,,,,,,,,,,,,,,,,,,,,,,,,,,,,,,,,,,,,,,,,,,,,,,,,,,,,,,,,,,,,,,,,,,,,,,,,,,,,,,,,,,,,,,,,,,,,,,,,,,,,,,,,,,,,,,,,,,,,,,,,,,,,,,,,,,,,,,,,,,,,,,,,,,,,,,,,,,,,,,,,,,,,,,,,,,,,,,,,,,,,,,,,,,,,,,,,,,,,,,,,,,,,,,,,,,,,,,,,,,,,,,,,,,,,,,,,,,,,,,,,,,,,,,,,,,,,,,,,,,,,,,,,,,,,,,,,,,,,,,,,,,,,,,,,,,,,,,,,,,,,,,,,,,,,,,,,,,,,,,,,,,,,,,,,,,,,,,,,,,,,,,,,,,,,,,,,,,,,,,,,,,,,,,,,,,,,,,,,,,,,,,,,,,,,,,,,,,,,,,,,,,,,,,,,,,,,,,,,,,,,,,,,,,,,,,,,,,,,,,,,,,,
10-26-teens_706posts.xml,U-0,0,0.04124880952380951,0.10111644812270616,U-42,1,0.13247241379310348,0.07124864114687297,U-15,2,0.06421111111111111,0.07079460491481589,U-13,3,0.25338,0.05051095696262016,U-6,4,0.061828571428571434,0.046184778932879575,U-82,5,0.024666666666666667,0.035896228579454924,U-26,6,0.3001380952380952,0.03143835880152361,U-75,7,0.08473599999999999,0.02804329310006289,U-87,8,0.09866666666666665,0.02554559442868273,U-58,9,0.0872375,0.023266998298717177,U-50,10,-0.006019230769230775,0.022518770013479798,U-79,11,0.06219333333333332,0.020432338886694188,U-12,12,0.14629333333333336,0.020113541693538517,U-67,13,0.2401,0.01634997937966021,U-39,14,0.04933333333333333,0.01631999809085079,U-88,15,-0.05766666666666668,0.015751406036567408,U-34,16,0.0,0.015597121642939457,U-85,17,0.053818181818181814,0.013125162146984821,U-52,18,0.07435555555555556,0.012046444303508787,U-94,19,-0.21075,0.011553929536785044,U-124,20,0.074,0.011191158384465024,U-96,21,0.0,0.010631810032366884,U-27,22,0.0,0.008956437245112307,U-86,23,0.074,0.008654714491108148,U-32,24,0.20073333333333335,0.008595650882213752,U-65,25,0.06364,0.007695398659183662,U-118,26,0.04933333333333333,0.007629719743076988,U-92,27,0.15095999999999998,0.007301876620793904,U-131,28,0.09866666666666667,0.007088902669416214,U-104,29,0.148,0.006997872982290934,U-10,30,0.074,0.006730322614704466,U-72,31,0.148,0.006382994797306938,U-106,32,0.2383,0.006238420066717268,U-60,33,0.09866666666666667,0.005859146299448222,U-126,34,0.37739999999999996,0.005645140975326143,U-76,35,0.09866666666666667,0.005609201700904184,U-37,36,0.0,0.00556185629017704,U-1,37,0.11839999999999999,0.005420730967217471,U-66,38,0.074,0.005282369823006122,U-90,39,0.0,0.005143555304971162,U-23,40,0.09866666666666667,0.005070349288305511,U-134,41,0.1643,0.005014621682361821,U-17,42,-0.11315,0.004946978105193045,U-117,43,0.09866666666666667,0.004718632600241876,U-74,44,0.09866666666666667,0.004062762536258947,U-41,45,-0.1366,0.0038401973722218524,U-7,46,0.0,0.0038095523495015695,U-98,47,0.148,0.003655931689784487,U-43,48,0.09866666666666667,0.003645584833505837,U-18,49,0.09866666666666667,0.003563601075507971,U-24,50,0.148,0.0032197567477409805,U-119,51,0.148,0.00318562823539016,U-46,52,0.09866666666666667,0.0029077310115250424,U-49,53,0.17759999999999998,0.002881474859470866,U-55,54,0.17759999999999998,0.002881474859470866,U-135,55,0.148,0.0028167013243997627,U-5,56,0.148,0.002543192971200752,U-36,57,0.148,0.002543192971200752,U-47,58,0.148,0.002543192971200752,U-59,59,0.148,0.002543192971200752,U-80,60,0.148,0.002543192971200752,U-83,61,0.148,0.002543192971200752,U-84,62,0.148,0.002543192971200752,U-14,63,0.0,0.002487465365257062,U-2,64,0.19733333333333333,0.0022049110829306376,U-35,65,0.19733333333333333,0.0022049110829306376,U-38,66,0.0,0.0022049110829306376,U-44,67,0.19733333333333333,0.0022049110829306376,U-4,68,0.148,0.0018666291946605232,U-9,69,0.148,0.0018666291946605232,U-16,70,0.148,0.0018666291946605232,U-28,71,0.148,0.0018666291946605232,U-29,72,0.148,0.0018666291946605232,U-31,73,0.148,0.0018666291946605232,U-45,74,0.148,0.0018666291946605232,U-56,75,0.148,0.0018666291946605232,U-64,76,0.148,0.0018666291946605232,U-70,77,0.148,0.0018666291946605232,U-71,78,0.148,0.0018666291946605232,U-73,79,0.148,0.0018666291946605232,U-89,80,0.148,0.0018666291946605232,U-97,81,0.148,0.0018666291946605232,U-100,82,0.148,0.0018666291946605232,U-105,83,0.148,0.0018666291946605232,U-121,84,0.148,0.0018666291946605232,U-3,85,0.0,0.0017346076285363107,U-8,86,0.0,0.0017346076285363107,U-11,87,0.0,0.0017346076285363107,U-19,88,0.0,0.0017346076285363107,U-20,89,0.0,0.0017346076285363107,U-21,90,0.0,0.0017346076285363107,U-22,91,0.296,0.0017346076285363107,U-25,92,0.0,0.0017346076285363107,U-30,93,0.0,0.0017346076285363107,U-33,94,0.0,0.0017346076285363107,U-40,95,0.296,0.0017346076285363107,U-48,96,0.0,0.0017346076285363107,U-51,97,0.0,0.0017346076285363107,U-53,98,0.0,0.0017346076285363107,U-54,99,0.0,0.0017346076285363107,U-57,100,0.296,0.0017346076285363107,U-61,101,0.0,0.0017346076285363107,U-62,102,0.296,0.0017346076285363107,U-63,103,0.0,0.0017346076285363107,U-68,104,0.296,0.0017346076285363107,U-69,105,0.296,0.0017346076285363107,U-77,106,0.0,0.0017346076285363107,U-78,107,0.0,0.0017346076285363107,U-81,108,0.0,0.0017346076285363107,U-91,109,0.0,0.0017346076285363107,U-93,110,0.296,0.0017346076285363107,U-95,111,0.0,0.0017346076285363107,U-99,112,0.0,0.0017346076285363107,U-101,113,0.0,0.0017346076285363107,U-102,114,0.0,0.0017346076285363107,U-103,115,0.296,0.0017346076285363107,U-107,116,0.296,0.0017346076285363107,U-108,117,0.296,0.0017346076285363107,U-109,118,0.296,0.0017346076285363107,U-110,119,0.0,0.0017346076285363107,U-111,120,0.296,0.0017346076285363107,U-112,121,0.296,0.0017346076285363107,U-113,122,0.0,0.0017346076285363107,U-114,123,0.0,0.0017346076285363107,U-115,124,0.0,0.0017346076285363107,U-116,125,0.296,0.0017346076285363107,U-120,126,0.296,0.0017346076285363107,U-122,127,0.296,0.0017346076285363107,U-123,128,0.296,0.0017346076285363107,U-125,129,0.296,0.0017346076285363107,U-127,130,0.0,0.0017346076285363107,U-128,131,0.296,0.0017346076285363107,U-129,132,0.0,0.0017346076285363107,U-130,133,0.296,0.0017346076285363107,U-132,134,0.296,0.0017346076285363107,U-133,135,0.0,0.0017346076285363107,,,,,,,,,,,,,,,,,,,,,,,,,,,,,,,,,,,,,,,,,,,,,,,,,,,,,,,,,,,,,,,,,,,,,,,,,,,,,,,,,,,,,,,,,,,,,,,,,,,,,,,,,,,,,,,,,,,,,,,,,,,,,,,,
11-06-adults_706posts.xml,U-42,0,0.15921690140845068,0.08258613418151743,U-14,1,0.011850000000000001,0.06902532567820767,U-2,2,0.09722857142857146,0.05647028173403402,U-0,3,0.71265,0.04805870141250491,U-25,4,0.2125923076923077,0.044319060362807014,U-61,5,0.08729,0.03651855671390265,U-11,6,0.14616800000000002,0.035661390231504296,U-4,7,0.04356190476190477,0.03489746122182388,U-6,8,0.011352,0.033640861340691074,U-39,9,0.039325,0.028594549296226943,U-31,10,0.07067,0.028004764607956572,U-44,11,0.045649999999999996,0.02552419585929026,U-26,12,0.24053124999999997,0.024914475776339227,U-19,13,0.08796363636363635,0.024107456235674857,U-10,14,-0.03879375,0.023451299218530074,U-16,15,-0.033850000000000005,0.02275118461448315,U-13,16,0.0,0.020071028293930013,U-24,17,-0.01443846153846153,0.01890899538112416,U-84,18,0.14761999999999997,0.016828725649344387,U-83,19,0.0478,0.016117526534016064,U-54,20,-0.007000000000000006,0.016054363281334083,U-3,21,0.1912111111111111,0.015886920271115407,U-77,22,0.148,0.015246861812450087,U-67,23,0.7269,0.013936690810852179,U-38,24,-0.312925,0.013527458053848663,U-56,25,0.018739999999999996,0.012565654922137117,U-72,26,0.0,0.01206971853339371,U-66,27,0.20693999999999999,0.011125419165240583,U-53,28,0.11261111111111112,0.01030287118689939,U-69,29,-0.01655000000000001,0.009994312849961032,U-55,30,0.11654999999999999,0.009530884772551306,U-1,31,-0.13957999999999998,0.008831710367220174,U-20,32,0.0956,0.00816356155837814,U-23,33,0.04933333333333333,0.0070173217426753465,U-71,34,0.09866666666666667,0.006794177103442818,U-43,35,0.09866666666666667,0.005888619799999587,U-81,36,0.034533333333333326,0.005503077372389762,U-79,37,0.1643,0.005326115549298951,U-5,38,0.0,0.0048153089167387725,U-49,39,0.148,0.004648441371694374,U-27,40,0.09866666666666667,0.004288357847892326,U-82,41,0.21697499999999997,0.0037193840153357163,U-86,42,0.148,0.003640533877301868,U-78,43,0.16914285714285712,0.0033395445625659615,U-52,44,0.09866666666666667,0.003310419988271223,U-36,45,0.09866666666666667,0.0030437096629200118,U-48,46,0.0,0.0027903266589770583,U-18,47,0.148,0.0024460403880614935,U-30,48,0.148,0.0024460403880614935,U-40,49,0.148,0.0024460403880614935,U-46,50,0.148,0.0024460403880614935,U-32,51,0.20473333333333332,0.0022371091050104076,U-17,52,0.0,0.002201436495398934,U-85,53,0.19733333333333333,0.002148205663226671,U-7,54,0.148,0.001850370938391848,U-8,55,0.148,0.001850370938391848,U-9,56,0.148,0.001850370938391848,U-12,57,0.148,0.001850370938391848,U-15,58,0.148,0.001850370938391848,U-28,59,0.148,0.001850370938391848,U-33,60,0.148,0.001850370938391848,U-34,61,0.148,0.001850370938391848,U-41,62,0.148,0.001850370938391848,U-45,63,0.148,0.001850370938391848,U-47,64,0.148,0.001850370938391848,U-51,65,0.148,0.001850370938391848,U-57,66,0.148,0.001850370938391848,U-63,67,0.148,0.001850370938391848,U-64,68,0.148,0.001850370938391848,U-65,69,0.148,0.001850370938391848,U-68,70,0.148,0.001850370938391848,U-70,71,0.148,0.001850370938391848,U-76,72,0.148,0.001850370938391848,U-90,73,0.148,0.001850370938391848,U-21,74,0.0,0.0017403964008743872,U-22,75,0.0,0.0017403964008743872,U-29,76,0.0,0.0017403964008743872,U-35,77,0.0,0.0017403964008743872,U-37,78,0.0,0.0017403964008743872,U-50,79,0.0,0.0017403964008743872,U-58,80,0.0,0.0017403964008743872,U-59,81,0.296,0.0017403964008743872,U-60,82,0.0,0.0017403964008743872,U-62,83,0.0,0.0017403964008743872,U-73,84,0.296,0.0017403964008743872,U-74,85,0.296,0.0017403964008743872,U-75,86,0.0,0.0017403964008743872,U-80,87,0.296,0.0017403964008743872,U-87,88,0.0,0.0017403964008743872,U-88,89,0.0,0.0017403964008743872,U-89,90,0.296,0.0017403964008743872,U-91,91,0.0,0.0017403964008743872,U-92,92,0.296,0.0017403964008743872,U-93,93,0.0,0.0017403964008743872,,,,,,,,,,,,,,,,,,,,,,,,,,,,,,,,,,,,,,,,,,,,,,,,,,,,,,,,,,,,,,,,,,,,,,,,,,,,,,,,,,,,,,,,,,,,,,,,,,,,,,,,,,,,,,,,,,,,,,,,,,,,,,,,,,,,,,,,,,,,,,,,,,,,,,,,,,,,,,,,,,,,,,,,,,,,,,,,,,,,,,,,,,,,,,,,,,,,,,,,,,,,,,,,,,,,,,,,,,,,,,,,,,,,,,,,,,,,,,,,,,,,,,,,,,,,,,,,,,,,,,,,,,,,,,,,,,,,,,,,,,,,,,,,,,,,,,,,
11-08-20s_705posts.xml,U-3,0,0.20258818181818186,0.10429623921932296,U-6,1,0.021086138613861383,0.09841875852338591,U-8,2,0.10771111111111109,0.057448688871297164,U-30,3,0.22844166666666668,0.05472717264305433,U-57,4,0.19077931034482756,0.04019390476249225,U-32,5,0.13715,0.040046401055012795,U-36,6,-0.01937142857142857,0.03975755004614781,U-23,7,0.007489999999999997,0.03738667478437524,U-4,8,-0.09347037037037037,0.03547817859644105,U-17,9,0.0840125,0.035110291691248144,U-5,10,0.04927142857142857,0.027870713109651862,U-71,11,0.003150000000000005,0.022791316473316992,U-70,12,0.021363636363636366,0.020522745624905057,U-56,13,0.2811,0.01901188965482709,U-28,14,0.08284285714285712,0.01880066215346403,U-45,15,0.0,0.018748704738263264,U-1,16,0.11375333333333335,0.017837559359624208,U-58,17,0.029753846153846148,0.017679547249354714,U-77,18,0.0772,0.016360673201251345,U-55,19,0.18619999999999995,0.014305566410824465,U-54,20,0.227175,0.013473391181504547,U-0,21,0.2361,0.013063470477884758,U-72,22,0.03496250000000001,0.012688152576662408,U-9,23,0.01544,0.011658538756592857,U-34,24,0.24695,0.011085359644492627,U-33,25,0.2610333333333333,0.010562808768053482,U-16,26,0.3051333333333333,0.010335377193099965,U-10,27,0.0933,0.010200250334116154,U-41,28,0.1244,0.009649270510807818,U-40,29,0.4735,0.008626914038174394,U-66,30,0.3186,0.008626914038174394,U-29,31,0.0,0.008514283865355037,U-47,32,0.09866666666666667,0.006806375823888867,U-25,33,0.09866666666666667,0.006676146536994053,U-76,34,0.35875,0.00658002986359275,U-2,35,0.2202,0.006218863563691804,U-67,36,0.0,0.004854274113970707,U-31,37,0.0,0.004420515516191745,U-78,38,0.148,0.0043625720077959665,U-43,39,0.148,0.004191998326580829,U-35,40,0.148,0.004021424645365692,U-27,41,0.09866666666666667,0.003736049562016398,U-11,42,0.148,0.0033745188174379055,U-20,43,0.148,0.0033745188174379055,U-51,44,0.148,0.003168556239290007,U-26,45,0.148,0.002768073234427572,U-39,46,0.148,0.002768073234427572,U-12,47,0.19733333333333333,0.0024648504429224056,U-60,48,0.09866666666666667,0.0024648504429224056,U-38,49,0.0,0.0023736313416100998,U-7,50,0.148,0.002161627651417239,U-19,51,0.148,0.002161627651417239,U-22,52,0.148,0.002161627651417239,U-37,53,0.148,0.002161627651417239,U-52,54,0.148,0.002161627651417239,U-61,55,0.148,0.002161627651417239,U-13,56,0.0,0.00204899747859788,U-14,57,0.0,0.00204899747859788,U-15,58,0.296,0.00204899747859788,U-18,59,0.296,0.00204899747859788,U-21,60,0.0,0.00204899747859788,U-24,61,0.0,0.00204899747859788,U-42,62,0.296,0.00204899747859788,U-44,63,0.296,0.00204899747859788,U-46,64,0.0,0.00204899747859788,U-48,65,0.0,0.00204899747859788,U-49,66,0.296,0.00204899747859788,U-50,67,0.0,0.00204899747859788,U-53,68,0.296,0.00204899747859788,U-59,69,0.296,0.00204899747859788,U-62,70,0.0,0.00204899747859788,U-63,71,0.296,0.00204899747859788,U-64,72,0.0,0.00204899747859788,U-65,73,0.296,0.00204899747859788,U-68,74,0.0,0.00204899747859788,U-69,75,0.296,0.00204899747859788,U-73,76,0.296,0.00204899747859788,U-74,77,0.296,0.00204899747859788,U-75,78,0.0,0.00204899747859788,,,,,,,,,,,,,,,,,,,,,,,,,,,,,,,,,,,,,,,,,,,,,,,,,,,,,,,,,,,,,,,,,,,,,,,,,,,,,,,,,,,,,,,,,,,,,,,,,,,,,,,,,,,,,,,,,,,,,,,,,,,,,,,,,,,,,,,,,,,,,,,,,,,,,,,,,,,,,,,,,,,,,,,,,,,,,,,,,,,,,,,,,,,,,,,,,,,,,,,,,,,,,,,,,,,,,,,,,,,,,,,,,,,,,,,,,,,,,,,,,,,,,,,,,,,,,,,,,,,,,,,,,,,,,,,,,,,,,,,,,,,,,,,,,,,,,,,,,,,,,,,,,,,,,,,,,,,,,,,,,,,,,,,,,,,,,,,,,,,,,,,,,,,,,,,,,,,,
11-08-40s_706posts.xml,U-4,0,0.09973762376237627,0.11186603310184873,U-35,1,0.10145483870967745,0.07082293818806412,U-0,2,0.09037708333333334,0.06076783597184811,U-1,3,0.003964705882352938,0.05915353128861644,U-58,4,0.15836428571428574,0.053823005800102915,U-13,5,0.07634411764705883,0.04128784201144092,U-6,6,0.12544827586206897,0.040139417594715204,U-33,7,0.10712692307692308,0.03135208710653123,U-10,8,0.06484615384615385,0.024145338313441577,U-41,9,0.18052,0.02391810489845242,U-57,10,0.08294285714285714,0.02352688034719373,U-5,11,0.09512727272727273,0.022366130936735177,U-9,12,0.01847333333333333,0.021901170963738267,U-52,13,0.07907692307692306,0.01981995525809854,U-30,14,-0.01032222222222222,0.019615370795356413,U-16,15,0.08269,0.018881572435346577,U-2,16,-0.0682111111111111,0.01822621737692977,U-34,17,0.04933333333333333,0.016006061153613246,U-68,18,0.1733888888888889,0.015747074437979718,U-46,19,0.029599999999999998,0.01561737483334654,U-18,20,0.16826666666666665,0.014719146987347019,U-12,21,0.14359230769230769,0.014586098647279996,U-25,22,0.06777999999999999,0.014512591879509923,U-61,23,0.0065,0.013140473074790484,U-31,24,0.1531,0.012660981540092273,U-66,25,0.059199999999999996,0.012403093409198436,U-62,26,0.13957999999999998,0.012177211306892357,U-8,27,0.04933333333333333,0.011975226986296801,U-60,28,0.11296666666666665,0.011619404064947261,U-39,29,0.2041333333333333,0.01037330867403463,U-32,30,0.24546666666666664,0.00965676740732231,U-50,31,0.04376,0.00912268642431102,U-28,32,0.0,0.008270896177355007,U-7,33,0.074,0.00762296327275958,U-19,34,0.11958333333333333,0.006598471205116259,U-15,35,0.148,0.0062359887780497015,U-23,36,0.09866666666666667,0.005604543290264403,U-53,37,0.09866666666666667,0.005464354957576907,U-67,38,0.36819999999999997,0.005207489099928439,U-40,39,0.0,0.004986959087253159,U-17,40,0.074,0.0048892907853534005,U-51,41,0.148,0.004786924101865949,U-63,42,0.148,0.00436635910380346,U-21,43,0.09866666666666667,0.003782094965326949,U-22,44,0.148,0.003745105412310653,U-69,45,0.148,0.003735511606709726,U-37,46,0.09866666666666667,0.003501718299951956,U-48,47,0.09866666666666667,0.00336152996726446,U-44,48,0.148,0.0031223845708758906,U-71,49,0.19733333333333333,0.00281102415015851,U-24,50,0.148,0.0024996637294411282,U-26,51,0.148,0.0024996637294411282,U-29,52,0.148,0.0024996637294411282,U-36,53,0.148,0.0024996637294411282,U-38,54,0.148,0.0024996637294411282,U-45,55,0.148,0.0024996637294411282,U-47,56,0.148,0.0024996637294411282,U-49,57,0.148,0.0024996637294411282,U-59,58,0.148,0.0024996637294411282,U-64,59,0.148,0.0024996637294411282,U-3,60,0.0,0.002382986204480157,U-11,61,0.0,0.002382986204480157,U-14,62,0.0,0.002382986204480157,U-20,63,0.0,0.002382986204480157,U-27,64,0.0,0.002382986204480157,U-42,65,0.0,0.002382986204480157,U-43,66,0.0,0.002382986204480157,U-54,67,0.0,0.002382986204480157,U-55,68,0.296,0.002382986204480157,U-56,69,0.296,0.002382986204480157,U-65,70,0.0,0.002382986204480157,U-70,71,0.296,0.002382986204480157,U-72,72,0.296,0.002382986204480157,,,,,,,,,,,,,,,,,,,,,,,,,,,,,,,,,,,,,,,,,,,,,,,,,,,,,,,,,,,,,,,,,,,,,,,,,,,,,,,,,,,,,,,,,,,,,,,,,,,,,,,,,,,,,,,,,,,,,,,,,,,,,,,,,,,,,,,,,,,,,,,,,,,,,,,,,,,,,,,,,,,,,,,,,,,,,,,,,,,,,,,,,,,,,,,,,,,,,,,,,,,,,,,,,,,,,,,,,,,,,,,,,,,,,,,,,,,,,,,,,,,,,,,,,,,,,,,,,,,,,,,,,,,,,,,,,,,,,,,,,,,,,,,,,,,,,,,,,,,,,,,,,,,,,,,,,,,,,,,,,,,,,,,,,,,,,,,,,,,,,,,,,,,,,,,,,,,,,,,,,,,,,,,,,,,,,,,,,,,,
11-08-adults_705posts.xml,U-40,0,0.09426857142857142,0.07933275548684238,U-3,1,0.019015999999999998,0.05963111305226232,U-2,2,0.24716097560975614,0.05588023672775564,U-6,3,0.07290454545454544,0.0529580314989356,U-13,4,0.09152058823529412,0.047189665858167494,U-18,5,0.0852,0.040630985922048224,U-44,6,0.05693939393939394,0.03978162707535616,U-14,7,0.016696551724137934,0.03809239734964546,U-8,8,-0.03007692307692307,0.03600270674111841,U-73,9,0.18983333333333333,0.033013651776170244,U-1,10,0.22859999999999997,0.032697496115617834,U-39,11,-0.028604347826086955,0.03155248784079227,U-53,12,0.04833809523809524,0.029830318156164895,U-62,13,0.11523333333333333,0.026663826409940895,U-46,14,0.08112777777777777,0.02408448996293821,U-22,15,0.05893571428571429,0.022436061651065372,U-4,16,0.15996666666666667,0.01693672571726443,U-105,17,0.04228571428571428,0.015767249404126823,U-21,18,0.11073999999999999,0.01574010808246847,U-75,19,0.11383999999999998,0.013649343560477138,U-11,20,0.0,0.01008899005413663,U-16,21,0.1468,0.009949736408233753,U-12,22,-0.148,0.00992783940631551,U-66,23,0.08457142857142856,0.009618083038640738,U-81,24,0.1244,0.009144892639772388,U-90,25,-0.5574,0.008732998533082615,U-59,26,0.1643,0.008224097940858368,U-97,27,0.1866,0.008167299209210785,U-102,28,0.40969999999999995,0.00815049885766611,U-7,29,0.0,0.00749215131879185,U-71,30,0.0,0.0074870546684182825,U-47,31,0.4215,0.007377007012028601,U-33,32,0.09866666666666667,0.007330401581128155,U-92,33,0.059199999999999996,0.007224481330249257,U-112,34,0.148,0.005862113623418962,U-91,35,0.0,0.005536964457668649,U-88,36,0.148,0.0053197170149973565,U-95,37,0.09866666666666667,0.004347220234809324,U-65,38,0.148,0.003689114832888853,U-79,39,0.148,0.003689114832888853,U-82,40,0.16914285714285712,0.0033872683825887616,U-76,41,0.148,0.003360874740108101,U-24,42,0.148,0.0024817290316884884,U-83,43,0.148,0.0024817290316884884,U-111,44,0.0,0.0024204327395099118,U-27,45,0.0,0.0021798825813883972,U-36,46,0.09866666666666667,0.0021798825813883972,U-100,47,0.19733333333333333,0.0021798825813883972,U-109,48,0.19733333333333333,0.0021798825813883972,U-0,49,0.148,0.0018780361310883063,U-9,50,0.148,0.0018780361310883063,U-10,51,0.148,0.0018780361310883063,U-17,52,0.148,0.0018780361310883063,U-20,53,0.148,0.0018780361310883063,U-25,54,0.148,0.0018780361310883063,U-26,55,0.148,0.0018780361310883063,U-31,56,0.148,0.0018780361310883063,U-34,57,0.148,0.0018780361310883063,U-38,58,0.148,0.0018780361310883063,U-41,59,0.148,0.0018780361310883063,U-42,60,0.148,0.0018780361310883063,U-48,61,0.148,0.0018780361310883063,U-54,62,0.148,0.0018780361310883063,U-60,63,0.148,0.0018780361310883063,U-61,64,0.148,0.0018780361310883063,U-68,65,0.148,0.0018780361310883063,U-69,66,0.148,0.0018780361310883063,U-70,67,0.148,0.0018780361310883063,U-77,68,0.148,0.0018780361310883063,U-84,69,0.148,0.0018780361310883063,U-87,70,0.148,0.0018780361310883063,U-89,71,0.148,0.0018780361310883063,U-93,72,0.148,0.0018780361310883063,U-96,73,0.148,0.0018780361310883063,U-98,74,0.148,0.0018780361310883063,U-103,75,0.148,0.0018780361310883063,U-104,76,0.148,0.0018780361310883063,U-5,77,0.0,0.001765739694433127,U-15,78,0.296,0.001765739694433127,U-19,79,0.0,0.001765739694433127,U-23,80,0.296,0.001765739694433127,U-28,81,0.0,0.001765739694433127,U-29,82,0.0,0.001765739694433127,U-30,83,0.0,0.001765739694433127,U-32,84,0.296,0.001765739694433127,U-35,85,0.0,0.001765739694433127,U-37,86,0.296,0.001765739694433127,U-43,87,0.296,0.001765739694433127,U-45,88,0.0,0.001765739694433127,U-49,89,0.0,0.001765739694433127,U-50,90,0.0,0.001765739694433127,U-51,91,0.296,0.001765739694433127,U-52,92,0.0,0.001765739694433127,U-55,93,0.0,0.001765739694433127,U-56,94,0.0,0.001765739694433127,U-57,95,0.296,0.001765739694433127,U-58,96,0.296,0.001765739694433127,U-63,97,0.0,0.001765739694433127,U-64,98,0.0,0.001765739694433127,U-67,99,0.296,0.001765739694433127,U-72,100,0.0,0.001765739694433127,U-74,101,0.0,0.001765739694433127,U-78,102,0.296,0.001765739694433127,U-80,103,0.296,0.001765739694433127,U-85,104,0.0,0.001765739694433127,U-86,105,0.0,0.001765739694433127,U-94,106,0.296,0.001765739694433127,U-99,107,0.0,0.001765739694433127,U-101,108,0.296,0.001765739694433127,U-106,109,0.296,0.001765739694433127,U-107,110,0.296,0.001765739694433127,U-108,111,0.296,0.001765739694433127,U-110,112,0.296,0.001765739694433127,U-113,113,0.0,0.001765739694433127,,,,,,,,,,,,,,,,,,,,,,,,,,,,,,,,,,,,,,,,,,,,,,,,,,,,,,,,,,,,,,,,,,,,,,,,,,,,,,,,,,,,,,,,,,,,,,,,,,,,,,,,,,,,,,,,,,,,,,,,,,,,,,,,,,,,,,,,,,,,,,,,,,,,,,,,,,,,,,,,,,,,,,,,,,,,,,,,,,,,,,,,,,,,,,,,,,,,,,,,,,,,,,,,,,,,,,,,
11-08-teens_706posts.xml,U-19,0,-0.02258455284552845,0.12489253227137563,U-103,1,0.11585333333333335,0.05945849869630518,U-6,2,-0.031053191489361698,0.05460246793910219,U-33,3,-0.027151851851851847,0.03380535508126255,U-43,4,0.003053846153846157,0.033171256268875016,U-120,5,0.14181904761904762,0.02070249274359941,U-62,6,0.11737894736842105,0.020563793767183713,U-12,7,-0.04766923076923077,0.019749573162395243,U-69,8,0.1071909090909091,0.019549091568503554,U-27,9,0.07574666666666666,0.018056433727695855,U-3,10,0.0,0.015755053642462113,U-109,11,0.15957500000000002,0.013823188520409303,U-53,12,0.020563636363636364,0.013489435991633722,U-58,13,-0.050611111111111114,0.01344012543082629,U-31,14,0.148,0.013433931731384066,U-49,15,0.22825,0.013002462126403574,U-2,16,0.12765454545454546,0.012892672956457981,U-98,17,0.023424999999999994,0.012521598348839914,U-51,18,0.5267,0.011737534206074885,U-55,19,0.0,0.010993065934633582,U-34,20,-0.13366666666666668,0.010871626187662036,U-65,21,0.23322500000000002,0.010848237573686217,U-9,22,0.0251,0.010686556041406742,U-46,23,0.09866666666666667,0.010582161021708296,U-80,24,0.0,0.010075436572068544,U-84,25,0.09866666666666667,0.010014237542415604,U-126,26,-0.4404,0.009844361935195226,U-4,27,0.20500000000000002,0.009474216479378178,U-83,28,0.059199999999999996,0.009246321087713363,U-15,29,0.0,0.009151138024575274,U-70,30,0.059199999999999996,0.008922816596090719,U-129,31,0.0,0.008728664776092035,U-125,32,0.09008,0.008506882249718746,U-123,33,0.074,0.008477792203556855,U-14,34,0.0,0.008394864896064195,U-91,35,0.03002857142857143,0.008271257643573738,U-13,36,0.08457142857142856,0.007908140357058523,U-30,37,0.074,0.007842336952155231,U-52,38,0.3612,0.007687745478317266,U-111,39,0.09866666666666667,0.007586023513067911,U-112,40,0.09866666666666667,0.007586023513067911,U-18,41,0.0,0.00753361556646205,U-113,42,0.0,0.006996451909875169,U-5,43,0.1806,0.006880914591438511,U-39,44,0.08333333333333333,0.006856217505146928,U-77,45,0.0,0.0068483847344341835,U-48,46,0.1866,0.006617229943621195,U-130,47,0.074,0.006342282154656523,U-24,48,-0.0899,0.006224814494042007,U-72,49,0.005699999999999997,0.006194134825275866,U-21,50,0.18200000000000002,0.006085968715569203,U-115,51,0.09866666666666667,0.006045525933912461,U-90,52,0.19733333333333333,0.00600894383661143,U-78,53,0.0,0.005610004088635262,U-63,54,0.1244,0.0049750103992163884,U-8,55,0.09866666666666667,0.004939431579820529,U-94,56,0.0,0.004914849835837454,U-76,57,-0.028599999999999997,0.004776545773287069,U-67,58,0.148,0.0046530955301979935,U-66,59,0.148,0.004317330119623459,U-114,60,0.148,0.004306483574888017,U-102,61,0.0,0.004298570650235601,U-105,62,0.1643,0.004116393435593863,U-20,63,0.4073,0.0038888293230948277,U-47,64,0.148,0.0036980821255697457,U-22,65,0.0,0.0036458696752120624,U-37,66,0.0,0.0036458696752120624,U-119,67,0.148,0.0036132596642680648,U-73,68,0.0,0.0036053467396156484,U-116,69,0.2516,0.003544147709962707,U-32,70,0.09866666666666667,0.0031590233151738444,U-1,71,0.148,0.003054252387532957,U-89,72,0.0,0.0029526457645921095,U-11,73,0.11839999999999999,0.0027323375185145625,U-75,74,0.17759999999999998,0.0027323375185145625,U-106,75,0.22199999999999998,0.002410422649496168,U-16,76,0.0,0.0020885077804777734,U-134,77,0.19733333333333333,0.0020885077804777734,U-0,78,0.148,0.001766592911459379,U-17,79,0.148,0.001766592911459379,U-26,80,0.148,0.001766592911459379,U-35,81,0.148,0.001766592911459379,U-61,82,0.148,0.001766592911459379,U-71,83,0.148,0.001766592911459379,U-93,84,0.148,0.001766592911459379,U-96,85,0.148,0.001766592911459379,U-100,86,0.148,0.001766592911459379,U-101,87,0.148,0.001766592911459379,U-74,88,0.0,0.0016510555930227206,U-7,89,0.296,0.0016431426683703048,U-10,90,0.0,0.0016431426683703048,U-23,91,0.0,0.0016431426683703048,U-25,92,0.0,0.0016431426683703048,U-28,93,0.0,0.0016431426683703048,U-29,94,0.0,0.0016431426683703048,U-36,95,0.0,0.0016431426683703048,U-38,96,0.0,0.0016431426683703048,U-40,97,0.0,0.0016431426683703048,U-41,98,0.0,0.0016431426683703048,U-42,99,0.0,0.0016431426683703048,U-44,100,0.0,0.0016431426683703048,U-45,101,0.0,0.0016431426683703048,U-50,102,0.0,0.0016431426683703048,U-54,103,0.0,0.0016431426683703048,U-56,104,0.0,0.0016431426683703048,U-57,105,0.0,0.0016431426683703048,U-59,106,0.0,0.0016431426683703048,U-60,107,0.0,0.0016431426683703048,U-64,108,0.0,0.0016431426683703048,U-68,109,0.296,0.0016431426683703048,U-79,110,0.296,0.0016431426683703048,U-81,111,0.0,0.0016431426683703048,U-82,112,0.0,0.0016431426683703048,U-85,113,0.296,0.0016431426683703048,U-86,114,0.0,0.0016431426683703048,U-87,115,0.0,0.0016431426683703048,U-88,116,0.296,0.0016431426683703048,U-92,117,0.296,0.0016431426683703048,U-95,118,0.0,0.0016431426683703048,U-97,119,0.296,0.0016431426683703048,U-99,120,0.0,0.0016431426683703048,U-104,121,0.0,0.0016431426683703048,U-107,122,0.296,0.0016431426683703048,U-108,123,0.0,0.0016431426683703048,U-110,124,0.0,0.0016431426683703048,U-117,125,0.0,0.0016431426683703048,U-118,126,0.0,0.0016431426683703048,U-121,127,0.0,0.0016431426683703048,U-122,128,0.0,0.0016431426683703048,U-124,129,0.0,0.0016431426683703048,U-127,130,0.0,0.0016431426683703048,U-128,131,0.296,0.0016431426683703048,U-131,132,0.296,0.0016431426683703048,U-132,133,0.296,0.0016431426683703048,U-133,134,0.0,0.0016431426683703048,U-136,135,0.0,0.0016431426683703048,U-137,136,0.0,0.0016431426683703048,U-138,137,0.296,0.0016431426683703048,U-135,138,0.148,0.0014199809561494026,,,,,,,,,,,,,,,,,,,,,,,,,,,,,,,,,,,,,,,,,,,,,,,,,,,,,,,,,,,,,,,,,,,,,,,,,,,,,,,,,,,,,,,,,,,,,,,,,,,,,,,,,,,,,,,,,,,,
11-09-20s_706posts.xml,U-0,0,0.11331830985915493,0.076014647196123,U-32,1,0.13755625,0.0676396874771756,U-14,2,0.18031000000000003,0.06089830272323021,U-50,3,0.2032276595744681,0.0460502461099345,U-57,4,0.04974411764705883,0.035913027802703036,U-80,5,0.12366363636363638,0.03512166696044673,U-3,6,-0.011116129032258075,0.030725073121120956,U-77,7,0.15306666666666668,0.025021520919284196,U-12,8,0.059314285714285715,0.023951202369740306,U-1,9,0.16243181818181818,0.022460298236496243,U-53,10,0.12312307692307692,0.022215715552597857,U-58,11,0.13875624999999997,0.02046342239325181,U-60,12,0.13999999999999999,0.02032656896058079,U-122,13,0.09269166666666666,0.01667435672265526,U-39,14,0.0742,0.016251456538583436,U-55,15,-0.16040000000000001,0.01536183370306184,U-20,16,0.1099,0.015269468621130582,U-47,17,0.0,0.01513239785911203,U-78,18,0.12716,0.014254171297528732,U-8,19,0.04933333333333333,0.013321581632503366,U-63,20,0.04933333333333333,0.013203072561535576,U-9,21,0.0,0.013160243960109026,U-10,22,0.0,0.012248906852078363,U-22,23,0.240625,0.011508225158529674,U-98,24,0.04228571428571428,0.01124047928224399,U-120,25,0.07306666666666665,0.011058206592327495,U-61,26,0.11752857142857143,0.010652218071557912,U-21,27,0.34385,0.010026076441026703,U-6,28,0.23471666666666666,0.009828791042596282,U-56,29,0.04933333333333333,0.00922359996462909,U-82,30,0.037,0.008924330003416116,U-25,31,0.11153333333333333,0.008913898636945769,U-74,32,0.0,0.008825273108782613,U-106,33,0.0,0.008825273108782613,U-70,34,0.2744,0.00860396758941322,U-87,35,-0.004888888888888893,0.008418384882770654,U-13,36,0.18930000000000002,0.008070676770058164,U-42,37,0.09866666666666667,0.007390748253890119,U-84,38,0.0,0.007273192201494423,U-24,39,0.0,0.007166146115233548,U-104,40,0.074,0.0070040951313480515,U-114,41,0.14350000000000002,0.006988770431171726,U-26,42,0.0933,0.006639149198959167,U-110,43,0.0,0.006215990336554667,U-93,44,0.1909,0.006092200009491036,U-30,45,0.09866666666666667,0.006047645449588496,U-45,46,0.0,0.005981055405555646,U-68,47,0.148,0.005980013800087367,U-119,48,0.0,0.005032982837813325,U-125,49,0.3485,0.004016237015101594,U-48,50,0.148,0.003728341451699352,U-88,51,0.148,0.003728341451699352,U-19,52,0.09866666666666667,0.0036877968225751422,U-49,53,0.09866666666666667,0.0034966045658596126,U-36,54,0.11839999999999999,0.0034722780270710837,U-89,55,0.0,0.003373855844264261,U-108,56,0.148,0.0033728142387959813,U-76,57,0.148,0.003254305167828191,U-81,58,0.09866666666666667,0.003213760538703981,U-75,59,0.148,0.003135796096860401,U-92,60,0.296,0.00312947323529628,U-31,61,0.09866666666666667,0.003055748444080261,U-116,62,0.148,0.003017287025892611,U-34,63,0.09866666666666667,0.00273972425483282,U-16,64,0.0,0.002705272767423502,U-27,65,0.148,0.002385468367246959,U-102,66,0.0,0.0023497455545201306,U-5,67,0.148,0.0017635230612452998,U-7,68,0.148,0.0017635230612452998,U-15,69,0.148,0.0017635230612452998,U-23,70,0.148,0.0017635230612452998,U-44,71,0.148,0.0017635230612452998,U-51,72,0.148,0.0017635230612452998,U-52,73,0.148,0.0017635230612452998,U-66,74,0.148,0.0017635230612452998,U-67,75,0.148,0.0017635230612452998,U-95,76,0.148,0.0017635230612452998,U-96,77,0.148,0.0017635230612452998,U-101,78,0.148,0.0017635230612452998,U-2,79,0.0,0.001646055595745789,U-4,80,0.0,0.001646055595745789,U-11,81,0.296,0.001646055595745789,U-17,82,0.0,0.001646055595745789,U-18,83,0.0,0.001646055595745789,U-28,84,0.296,0.001646055595745789,U-29,85,0.0,0.001646055595745789,U-33,86,0.0,0.001646055595745789,U-35,87,0.0,0.001646055595745789,U-37,88,0.296,0.001646055595745789,U-38,89,0.0,0.001646055595745789,U-40,90,0.0,0.001646055595745789,U-41,91,0.296,0.001646055595745789,U-43,92,0.0,0.001646055595745789,U-46,93,0.0,0.001646055595745789,U-54,94,0.296,0.001646055595745789,U-59,95,0.296,0.001646055595745789,U-62,96,0.0,0.001646055595745789,U-64,97,0.0,0.001646055595745789,U-65,98,0.296,0.001646055595745789,U-69,99,0.0,0.001646055595745789,U-71,100,0.0,0.001646055595745789,U-72,101,0.0,0.001646055595745789,U-73,102,0.296,0.001646055595745789,U-79,103,0.0,0.001646055595745789,U-83,104,0.296,0.001646055595745789,U-85,105,0.296,0.001646055595745789,U-86,106,0.0,0.001646055595745789,U-90,107,0.0,0.001646055595745789,U-91,108,0.296,0.001646055595745789,U-94,109,0.0,0.001646055595745789,U-97,110,0.0,0.001646055595745789,U-99,111,0.0,0.001646055595745789,U-100,112,0.296,0.001646055595745789,U-103,113,0.0,0.001646055595745789,U-105,114,0.0,0.001646055595745789,U-107,115,0.0,0.001646055595745789,U-109,116,0.296,0.001646055595745789,U-111,117,0.0,0.001646055595745789,U-112,118,0.296,0.001646055595745789,U-113,119,0.296,0.001646055595745789,U-115,120,0.0,0.001646055595745789,U-117,121,0.296,0.001646055595745789,U-118,122,0.296,0.001646055595745789,U-121,123,0.0,0.001646055595745789,U-123,124,0.296,0.001646055595745789,U-124,125,0.296,0.001646055595745789,,,,,,,,,,,,,,,,,,,,,,,,,,,,,,,,,,,,,,,,,,,,,,,,,,,,,,,,,,,,,,,,,,,,,,,,,,,,,,,,,,,,,,,,,,,,,,,,,,,,,,,,,,,,,,,,,,,,,,,,,,,,,,,,,,,,,,,,,,,,,,,,,,,,,,,,,,,,,,,,,,,,,,,,
11-09-40s_706posts.xml,U-2,0,0.02128613861386138,0.10612992350691781,U-9,1,0.0418639344262295,0.07216168989927829,U-0,2,0.14121285714285714,0.061363605852820496,U-18,3,0.1324511111111111,0.05039436840222551,U-23,4,0.0,0.049352830816318395,U-7,5,0.08731499999999999,0.049209564499472884,U-44,6,0.2098076923076924,0.04891603344159669,U-3,7,0.051631428571428564,0.04524215287111474,U-40,8,0.32917,0.042431717015994096,U-19,9,0.10293333333333334,0.03971676051247704,U-38,10,0.22091538461538462,0.03282876141701544,U-14,11,0.07898260869565217,0.02989322942223169,U-16,12,0.11940952380952381,0.028823587262660648,U-6,13,0.024471428571428578,0.026591063589584192,U-37,14,0.15607857142857146,0.0250234192859155,U-24,15,-0.01915454545454546,0.023982739941696186,U-1,16,0.0348375,0.023482328513399632,U-4,17,0.17064285714285715,0.023441514346296564,U-12,18,0.09428,0.02200957722165602,U-27,19,0.06176428571428571,0.020366215397853993,U-42,20,0.11321818181818183,0.020249134706072466,U-35,21,0.10236666666666666,0.016605126981249545,U-45,22,0.22292857142857142,0.012781997385061692,U-5,23,0.12655555555555556,0.011416664151004896,U-20,24,0.06577777777777777,0.011028930697947806,U-48,25,0.22825714285714285,0.010067241042239114,U-10,26,0.21075,0.009841024432611024,U-25,27,0.059199999999999996,0.008677559865508389,U-11,28,0.059199999999999996,0.007745322781746674,U-30,29,0.09866666666666667,0.00737966624968979,U-33,30,0.074,0.0069290513690596295,U-43,31,0.074,0.006122307738881221,U-29,32,0.074,0.005494840470964682,U-41,33,0.34886666666666666,0.005228349902547368,U-8,34,0.0,0.004992437393017323,U-21,35,0.11839999999999999,0.003099969003633409,U-32,36,0.09866666666666667,0.0030770335554049476,U-22,37,0.148,0.0022129551127814057,U-26,38,0.148,0.0022129551127814057,U-31,39,0.148,0.0022129551127814057,U-36,40,0.148,0.0022129551127814057,U-49,41,0.148,0.0022129551127814057,U-13,42,0.0,0.0021046854366158605,U-15,43,0.0,0.0021046854366158605,U-17,44,0.0,0.0021046854366158605,U-28,45,0.0,0.0021046854366158605,U-34,46,0.0,0.0021046854366158605,U-39,47,0.0,0.0021046854366158605,U-46,48,0.296,0.0021046854366158605,U-47,49,0.296,0.0021046854366158605,,,,,,,,,,,,,,,,,,,,,,,,,,,,,,,,,,,,,,,,,,,,,,,,,,,,,,,,,,,,,,,,,,,,,,,,,,,,,,,,,,,,,,,,,,,,,,,,,,,,,,,,,,,,,,,,,,,,,,,,,,,,,,,,,,,,,,,,,,,,,,,,,,,,,,,,,,,,,,,,,,,,,,,,,,,,,,,,,,,,,,,,,,,,,,,,,,,,,,,,,,,,,,,,,,,,,,,,,,,,,,,,,,,,,,,,,,,,,,,,,,,,,,,,,,,,,,,,,,,,,,,,,,,,,,,,,,,,,,,,,,,,,,,,,,,,,,,,,,,,,,,,,,,,,,,,,,,,,,,,,,,,,,,,,,,,,,,,,,,,,,,,,,,,,,,,,,,,,,,,,,,,,,,,,,,,,,,,,,,,,,,,,,,,,,,,,,,,,,,,,,,,,,,,,,,,,,,,,,,,,,,,,,,,,,,,,,,,,,,,,,,,,,,,,,,,,,,,,,,,,,,,,,,,,,,,
11-09-adults_706posts.xml,U-1,0,0.1846953125,0.08097241618526764,U-79,1,0.07380606060606061,0.07096276937316597,U-54,2,0.18692599999999998,0.06431814662328908,U-21,3,0.05920943396226417,0.060515030249250784,U-0,4,0.07317333333333334,0.0564536987044978,U-2,5,0.271775,0.04921085310003152,U-50,6,0.0753642857142857,0.04701107451771373,U-3,7,0.11994117647058825,0.043955658264688814,U-16,8,0.06163333333333334,0.04089705951075925,U-24,9,0.0070052631578947306,0.03235420333240214,U-14,10,0.006242857142857141,0.03196631040247321,U-15,11,-0.002326315789473691,0.029975944061089548,U-51,12,0.0,0.027052290083201078,U-45,13,0.03217777777777778,0.024170408119842463,U-44,14,0.05505,0.01590079516040259,U-9,15,0.17768571428571428,0.013233789621940826,U-63,16,0.13079,0.012407153562674527,U-4,17,-0.0474625,0.01130638416590032,U-13,18,0.037,0.009594572965196602,U-26,19,0.1702,0.009494999538421329,U-58,20,0.059199999999999996,0.009022577873149041,U-46,21,0.074,0.008886237620019095,U-72,22,-0.054324999999999984,0.00887887551015639,U-25,23,0.09866666666666667,0.00823660455449092,U-83,24,0.06770000000000001,0.007694361440631652,U-20,25,0.074,0.0074815353279345555,U-10,26,0.13813333333333333,0.007409804943659437,U-36,27,0.274825,0.006981024611648948,U-6,28,0.08895,0.0065506035545256055,U-23,29,0.20132499999999998,0.006191061935926806,U-18,30,0.0,0.005827612736046581,U-39,31,0.059199999999999996,0.005456265235490131,U-11,32,0.074,0.005377697265137903,U-86,33,0.09866666666666667,0.005192518136616513,U-98,34,0.148,0.005121114855471764,U-91,35,0.11839999999999999,0.004863543202291955,U-89,36,0.09866666666666667,0.004518168772873704,U-35,37,0.09866666666666667,0.004277171833380695,U-61,38,0.09866666666666667,0.004277171833380695,U-8,39,0.148,0.004038582418393939,U-27,40,0.09866666666666667,0.0037951779543946777,U-62,41,0.09866666666666667,0.0037951779543946777,U-30,42,0.09866666666666667,0.003554181014901669,U-82,43,0.148,0.003546934549911599,U-33,44,0.148,0.002912363793101738,U-41,45,0.148,0.002912363793101738,U-59,46,0.148,0.002912363793101738,U-60,47,0.148,0.002912363793101738,U-84,48,0.148,0.002912363793101738,U-22,49,0.09866666666666667,0.002595078414696808,U-40,50,0.09866666666666667,0.002595078414696808,U-52,51,0.09866666666666667,0.002595078414696808,U-70,52,0.19733333333333333,0.002595078414696808,U-65,53,0.0,0.0024706022549142092,U-32,54,0.148,0.0022777930362918772,U-34,55,0.148,0.0022777930362918772,U-37,56,0.148,0.0022777930362918772,U-38,57,0.148,0.0022777930362918772,U-43,58,0.148,0.0022777930362918772,U-47,59,0.148,0.0022777930362918772,U-49,60,0.148,0.0022777930362918772,U-55,61,0.148,0.0022777930362918772,U-57,62,0.148,0.0022777930362918772,U-64,63,0.148,0.0022777930362918772,U-66,64,0.148,0.0022777930362918772,U-67,65,0.148,0.0022777930362918772,U-68,66,0.148,0.0022777930362918772,U-71,67,0.148,0.0022777930362918772,U-74,68,0.148,0.0022777930362918772,U-78,69,0.148,0.0022777930362918772,U-80,70,0.148,0.0022777930362918772,U-85,71,0.148,0.0022777930362918772,U-88,72,0.148,0.0022777930362918772,U-92,73,0.148,0.0022777930362918772,U-93,74,0.148,0.0022777930362918772,U-94,75,0.148,0.0022777930362918772,U-97,76,0.148,0.0022777930362918772,U-5,77,0.0,0.002157748300410912,U-7,78,0.0,0.002157748300410912,U-12,79,0.0,0.002157748300410912,U-17,80,0.0,0.002157748300410912,U-19,81,0.0,0.002157748300410912,U-28,82,0.0,0.002157748300410912,U-29,83,0.0,0.002157748300410912,U-31,84,0.296,0.002157748300410912,U-42,85,0.0,0.002157748300410912,U-48,86,0.0,0.002157748300410912,U-53,87,0.0,0.002157748300410912,U-56,88,0.0,0.002157748300410912,U-69,89,0.296,0.002157748300410912,U-73,90,0.296,0.002157748300410912,U-75,91,0.0,0.002157748300410912,U-76,92,0.296,0.002157748300410912,U-77,93,0.296,0.002157748300410912,U-81,94,0.0,0.002157748300410912,U-87,95,0.296,0.002157748300410912,U-90,96,0.0,0.002157748300410912,U-95,97,0.296,0.002157748300410912,U-96,98,0.296,0.002157748300410912,,,,,,,,,,,,,,,,,,,,,,,,,,,,,,,,,,,,,,,,,,,,,,,,,,,,,,,,,,,,,,,,,,,,,,,,,,,,,,,,,,,,,,,,,,,,,,,,,,,,,,,,,,,,,,,,,,,,,,,,,,,,,,,,,,,,,,,,,,,,,,,,,,,,,,,,,,,,,,,,,,,,,,,,,,,,,,,,,,,,,,,,,,,,,,,,,,,,,,,,,,,,,,,,,,,,,,,,,,,,,,,,,,,,,,,,,,,,,,,,,,,,,,,,,,,,,,,,,,,,,,,,,,,,,,,,,,,,
11-09-teens_706posts.xml,U-78,0,0.296,0.05403970386266526,U-98,1,0.08193125000000001,0.04112312344966772,U-11,2,0.06825588235294118,0.035879285306571404,U-25,3,0.06379629629629628,0.03207570594700152,U-33,4,0.06121818181818183,0.031263847335759376,U-37,5,0.11902307692307693,0.02733817220101966,U-36,6,0.016444444444444442,0.026394057401482655,U-3,7,0.15091875,0.02552610729942363,U-21,8,0.014449999999999985,0.02360580088132577,U-20,9,0.018644444444444443,0.023451071760509926,U-22,10,-0.09403999999999998,0.020402691537610373,U-32,11,0.13766923076923077,0.019721632543335286,U-17,12,0.09443125000000001,0.018467930711639192,U-85,13,-0.06234,0.017503097664605106,U-54,14,-0.061000000000000006,0.017220554390049454,U-16,15,0.12978333333333333,0.016615025942493075,U-87,16,-0.02022666666666667,0.01571860677836777,U-88,17,0.0,0.015663416388261055,U-155,18,0.11485454545454545,0.015150205203892873,U-89,19,0.040336363636363635,0.013294906838202728,U-148,20,-0.0252875,0.012495497150092025,U-73,21,-0.11892,0.01243860048259126,U-7,22,0.3176833333333333,0.012074876961997218,U-122,23,0.10742,0.011745652537915258,U-10,24,0.148,0.011174502617267927,U-34,25,0.0,0.010600099986510337,U-81,26,-0.23695,0.010375140675153499,U-120,27,0.059199999999999996,0.009494276890659575,U-147,28,0.25680000000000003,0.009223003246709802,U-119,29,0.074,0.008988335377076138,U-62,30,0.20855,0.0081440666088125,U-58,31,0.1027875,0.007913525647962697,U-102,32,0.0,0.007904956992671713,U-95,33,0.11267142857142856,0.007763652481270517,U-26,34,0.074,0.007757768456910851,U-116,35,0.059199999999999996,0.007615491744744707,U-66,36,0.04228571428571428,0.007465182076601733,U-57,37,0.17285,0.0071544512562249675,U-19,38,0.06544,0.007135690377296774,U-118,39,0.059199999999999996,0.006988059187312793,U-128,40,0.0,0.006982262055271842,U-27,41,0.074,0.006785373281265019,U-76,42,0.148,0.006745566917748548,U-4,43,0.059199999999999996,0.00672970460484083,U-149,44,0.21343333333333334,0.006406938460521734,U-82,45,0.09866666666666667,0.006345425464695075,U-75,46,0.09866666666666667,0.006230528351200452,U-59,47,0.09866666666666667,0.006189801023691463,U-51,48,0.0,0.006170550326630565,U-64,49,0.11839999999999999,0.006126570242107455,U-40,50,0.0,0.005955561821417458,U-112,51,0.09866666666666667,0.005955254817785332,U-107,52,0.09866666666666667,0.005893741821958673,U-39,53,0.17759999999999998,0.0056918527376757285,U-165,54,0.15886,0.005396590357707769,U-158,55,0.09866666666666667,0.005361217531468546,U-133,56,0.0933,0.00527799787987977,U-8,57,0.0903,0.005262926634555232,U-113,58,0.09866666666666667,0.005176678543988572,U-154,59,0.148,0.0050847160304287806,U-15,60,0.0,0.00490984089236427,U-6,61,0.074,0.004570905431505328,U-162,62,0.09866666666666667,0.0040079316232820685,U-90,63,0.21075,0.003916276113354403,U-159,64,0.19733333333333333,0.003884598627996626,U-13,65,0.007599999999999996,0.003823085632169968,U-56,66,0.09866666666666667,0.0037407869680256404,U-14,67,0.0,0.0036605602806323075,U-44,68,0.0,0.0036605602806323075,U-144,69,0.0,0.0034760212931523333,U-71,70,0.148,0.0034533936733976973,U-143,71,0.09866666666666667,0.00343322198889235,U-60,72,0.12685714285714284,0.0033074330583576198,U-132,73,0.148,0.0029697255651233226,U-110,74,0.09866666666666667,0.002941118022279086,U-163,75,0.09866666666666667,0.002756579034799112,U-70,76,0.09866666666666667,0.002633553043145796,U-18,77,0.148,0.0022943105786547282,U-55,78,0.148,0.0022943105786547282,U-74,79,0.22199999999999998,0.0022943105786547282,U-106,80,0.148,0.0022943105786547282,U-41,81,0.09866666666666667,0.0019566030854204315,U-68,82,0.19733333333333333,0.0019566030854204315,U-69,83,0.19733333333333333,0.0019566030854204315,U-92,84,0.09866666666666667,0.0019566030854204315,U-125,85,0.19733333333333333,0.0019566030854204315,U-139,86,0.19733333333333333,0.0019566030854204315,U-156,87,0.19733333333333333,0.0019566030854204315,U-24,88,0.148,0.0016188955921861343,U-30,89,0.148,0.0016188955921861343,U-49,90,0.148,0.0016188955921861343,U-61,91,0.148,0.0016188955921861343,U-65,92,0.148,0.0016188955921861343,U-72,93,0.148,0.0016188955921861343,U-91,94,0.148,0.0016188955921861343,U-93,95,0.148,0.0016188955921861343,U-96,96,0.148,0.0016188955921861343,U-100,97,0.148,0.0016188955921861343,U-115,98,0.148,0.0016188955921861343,U-127,99,0.148,0.0016188955921861343,U-129,100,0.148,0.0016188955921861343,U-130,101,0.148,0.0016188955921861343,U-135,102,0.148,0.0016188955921861343,U-136,103,0.148,0.0016188955921861343,U-142,104,0.148,0.0016188955921861343,U-161,105,0.148,0.0016188955921861343,U-0,106,0.0,0.00148651275474948,U-1,107,0.0,0.00148651275474948,U-2,108,0.0,0.00148651275474948,U-5,109,0.0,0.00148651275474948,U-9,110,0.0,0.00148651275474948,U-12,111,0.0,0.00148651275474948,U-23,112,0.0,0.00148651275474948,U-28,113,0.0,0.00148651275474948,U-29,114,0.0,0.00148651275474948,U-31,115,0.0,0.00148651275474948,U-35,116,0.0,0.00148651275474948,U-38,117,0.0,0.00148651275474948,U-42,118,0.0,0.00148651275474948,U-43,119,0.296,0.00148651275474948,U-45,120,0.296,0.00148651275474948,U-46,121,0.0,0.00148651275474948,U-47,122,0.296,0.00148651275474948,U-48,123,0.0,0.00148651275474948,U-50,124,0.0,0.00148651275474948,U-52,125,0.0,0.00148651275474948,U-53,126,0.0,0.00148651275474948,U-63,127,0.296,0.00148651275474948,U-67,128,0.0,0.00148651275474948,U-77,129,0.0,0.00148651275474948,U-79,130,0.0,0.00148651275474948,U-80,131,0.296,0.00148651275474948,U-83,132,0.0,0.00148651275474948,U-84,133,0.0,0.00148651275474948,U-86,134,0.0,0.00148651275474948,U-94,135,0.0,0.00148651275474948,U-97,136,0.296,0.00148651275474948,U-99,137,0.296,0.00148651275474948,U-101,138,0.296,0.00148651275474948,U-103,139,0.0,0.00148651275474948,U-104,140,0.296,0.00148651275474948,U-105,141,0.0,0.00148651275474948,U-108,142,0.296,0.00148651275474948,U-109,143,0.296,0.00148651275474948,U-111,144,0.0,0.00148651275474948,U-114,145,0.0,0.00148651275474948,U-117,146,0.296,0.00148651275474948,U-121,147,0.0,0.00148651275474948,U-123,148,0.0,0.00148651275474948,U-124,149,0.296,0.00148651275474948,U-126,150,0.0,0.00148651275474948,U-131,151,0.296,0.00148651275474948,U-134,152,0.0,0.00148651275474948,U-137,153,0.296,0.00148651275474948,U-138,154,0.0,0.00148651275474948,U-140,155,0.0,0.00148651275474948,U-141,156,0.0,0.00148651275474948,U-145,157,0.296,0.00148651275474948,U-146,158,0.296,0.00148651275474948,U-150,159,0.296,0.00148651275474948,U-151,160,0.296,0.00148651275474948,U-152,161,0.296,0.00148651275474948,U-153,162,0.296,0.00148651275474948,U-157,163,0.296,0.00148651275474948,U-160,164,0.296,0.00148651275474948,U-164,165,0.296,0.00148651275474948,U-166,166,0.296,0.00148651275474948,U-167,167,0.296,0.00148651275474948
